Route,Rating,Route Type
Big Gulp,Advanced,Bouldering
Meat and Potatoes,Advanced,Bouldering
Kangaroo Meat,Advanced,Bouldering
Tic Tac Toe,Advanced,Bouldering
Bloctopus,Advanced,Bouldering
Squid Pro Quo,Advanced,Bouldering
Mouse on Mars,Advanced,Bouldering
Jesus,Advanced,Bouldering
The Flogiston,Advanced,Bouldering
One Eyed Man,Advanced,Bouldering
Algolian Suntiger,Advanced,Bouldering
Chupapi,Advanced,Bouldering
Balefire,Advanced,Bouldering
Arc of Existence,Advanced,Bouldering
Linear Dilemma,Advanced,Bouldering
Mudpie,Beginner,Bouldering
ARK,Beginner,Bouldering
Right Side,Beginner,Bouldering
Middle ARK,Beginner,Bouldering
Warmup Wall,Beginner,Bouldering
Holy Water,Beginner,Bouldering
One Muv Ruf,Beginner,Bouldering
The Cave,Beginner,Bouldering
Glass,Beginner,Bouldering
Unknown Juggy,Beginner,Bouldering
Variation,Beginner,Bouldering
Flake,Beginner,Bouldering
Northeast Arete,Beginner,Bouldering
Unknown Steep,Beginner,Bouldering
Way Cows,Beginner,Bouldering
Bulbous,Beginner,Bouldering
Bruce Lee,Beginner,Bouldering
Right Arete,Beginner,Bouldering
Lip,Beginner,Bouldering
Unknown Beginner,Beginner,Bouldering
Lip Traverse,Beginner,Bouldering
Unknown,Beginner,Bouldering
Captain Choss,Beginner,Bouldering
Bone Collector,Beginner,Bouldering
Magic Roundabout,Beginner,Bouldering
25 Foot Ronald,Beginner,Bouldering
Bottle o' Fun,Beginner,Bouldering
Charlotte's Web,Beginner,Bouldering
Crack,Beginner,Bouldering
Arete,Beginner,Bouldering
Left Bouldering Cluster,Beginner,Bouldering
Right Bouldering Cluster,Beginner,Bouldering
Me Too,Beginner,Bouldering
Me Three,Beginner,Bouldering
Victory,Beginner,Bouldering
Hamster,Beginner,Bouldering
Unknown Crack,Beginner,Bouldering
Tower One,Beginner,Bouldering
Pan Galactic Gargle Blaster,Beginner,Bouldering
Coppertone,Beginner,Bouldering
Toejam Football,Beginner,Bouldering
Stupor Mario,Beginner,Bouldering
Fearless,Beginner,Bouldering
Blood Diamond,Beginner,Bouldering
The Red - Right,Beginner,Bouldering
The Red - Left,Beginner,Bouldering
Nightmare Cracks,Beginner,Bouldering
Knuckle-coupler,Beginner,Bouldering
Rail Runners,Beginner,Bouldering
Railside Bouldering,Beginner,Bouldering
Bone Appetit,Beginner,Bouldering
Underground Railroad,Beginner,Bouldering
Bruh,Beginner,Bouldering
Pipsquawk,Beginner,Bouldering
Pipsqueak,Beginner,Bouldering
Heeleyhookey,Beginner,Bouldering
Heeleyhookey Traverse,Beginner,Bouldering
Railhead,Beginner,Bouldering
Upstairs,Beginner,Bouldering
New Shoe Goofin,Beginner,Bouldering
Cabbage Canopy,Beginner,Bouldering
Zion's March,Beginner,Bouldering
Sodie Pop right,Beginner,Bouldering
Sodie Pop left,Beginner,Bouldering
Sodie Pop,Beginner,Bouldering
Translated Stand,Beginner,Bouldering
365 Years,Beginner,Bouldering
Ms. Jackson,Beginner,Bouldering
Translated Sit,Beginner,Bouldering
Outhouse,Beginner,Bouldering
Runner's Rest,Beginner,Bouldering
Tagged,Beginner,Bouldering
Mural Traverse,Beginner,Bouldering
Wet Paint,Beginner,Bouldering
Bear's Route,Beginner,Bouldering
Jammin Butter,Beginner,Bouldering
Arrowhead,Beginner,Bouldering
Antelope Arete,Beginner,Bouldering
Cricket,Beginner,Bouldering
Black Diamond,Beginner,Bouldering
Snake Tooth,Beginner,Bouldering
Chub o' Choss,Beginner,Bouldering
Ava Williams Stand,Beginner,Bouldering
Half Man Trav,Beginner,Bouldering
Left Warm Up,Beginner,Bouldering
Right Warm Up,Beginner,Bouldering
Ease Up,Beginner,Bouldering
Over the Edge,Beginner,Bouldering
Fuzzywaz,Beginner,Bouldering
Yellow Jacket (low start),Beginner,Bouldering
Z Hammer Traverse,Beginner,Bouldering
Ayesha Style,Beginner,Bouldering
More Cowbell Arret,Intermediate,Bouldering
Strangers in the Night,Intermediate,Bouldering
Late night Flapjacks,Intermediate,Bouldering
Sand Fly Slab,Intermediate,Bouldering
More Cowbell Crack,Intermediate,Bouldering
the Exorcism,Intermediate,Bouldering
Weigh down,Intermediate,Bouldering
Butt Mantle,Intermediate,Bouldering
Ju,Intermediate,Bouldering
Blue Flowers,Intermediate,Bouldering
Tranced out and Dreamin',Intermediate,Bouldering
Other Corner Arete,Intermediate,Bouldering
Mr Sit and Spin,Intermediate,Bouldering
Unknown Intermediate,Intermediate,Bouldering
The Melon,Intermediate,Bouldering
Traverse,Intermediate,Bouldering
Toy Collector,Intermediate,Bouldering
Bigger is Better,Intermediate,Bouldering
Cuticle,Intermediate,Bouldering
Topus Arete,Intermediate,Bouldering
Topus Left,Intermediate,Bouldering
God Gave Us Feet for Dancing,Intermediate,Bouldering
The Nodder,Intermediate,Bouldering
Knight,Intermediate,Bouldering
Aqua Nille,Intermediate,Bouldering
Jose's Variation,Intermediate,Bouldering
Sand Woman,Intermediate,Bouldering
Coconut,Intermediate,Bouldering
Monosaurus Rex,Intermediate,Bouldering
Tower Two,Intermediate,Bouldering
Sunspots,Intermediate,Bouldering
Four Runner,Intermediate,Bouldering
Exacto,Intermediate,Bouldering
Life is Good,Intermediate,Bouldering
Promised Land,Intermediate,Bouldering
Apple Land,Intermediate,Bouldering
Adam's Apple,Intermediate,Bouldering
Forbidden Fruit,Intermediate,Bouldering
Bloody Toe,Intermediate,Bouldering
Original Sin,Intermediate,Bouldering
Bloody Toe Sit,Intermediate,Bouldering
City of Enoch,Intermediate,Bouldering
Will Power,Intermediate,Bouldering
Quality Time,Intermediate,Bouldering
Hadley's Dinosaur,Intermediate,Bouldering
May Flies,Intermediate,Bouldering
Noob,Intermediate,Bouldering
Triple G,Intermediate,Bouldering
Mr Steez,Intermediate,Bouldering
Young Bull,Intermediate,Bouldering
Dragon Reborn,Intermediate,Bouldering
Heron Marked,Intermediate,Bouldering
Wolf Brother,Intermediate,Bouldering
Tiger King,Intermediate,Bouldering
La Fin Du Monde,Advanced,Sport
Lakeshore Loon,Advanced,Sport
Ewe.F.O,Advanced,Sport
Camel Toe,Advanced,Sport
Anti-Crack,Advanced,Sport
Armed to the Hilti,Advanced,Sport
Farming the Filthy,Advanced,Sport
Bring Your Gun To Town,Advanced,Sport
Zach is definately going to Jail,Advanced,Sport
So You Say,Advanced,Sport
Hold with an open hand,Advanced,Sport
The Cody Bradford Memorial,Advanced,Sport
Vampira,Advanced,Sport
Cheers,Beginner,Sport
Old Weed,Beginner,Sport
Cavity Slab,Beginner,Sport
Tower North,Beginner,Sport
Paws and Claws,Beginner,Sport
SeÃ±or Hilti,Beginner,Sport
Play Time,Beginner,Sport
Trivial Pursuit,Beginner,Sport
Pick-Axe-Pete,Beginner,Sport
Dwight Yoakam,Beginner,Sport
OK to GO,Beginner,Sport
Nona Von Bikemechanic,Beginner,Sport
Amygdala,Beginner,Sport
The Good Find,Beginner,Sport
Neutron Dance,Beginner,Sport
Austin Shuffle,Beginner,Sport
Scenic Cruise,Beginner,Sport
Pink,Beginner,Sport
Grooven'n,Beginner,Sport
Rock Rattled & Rolled,Beginner,Sport
Shake & Bake,Beginner,Sport
mellow madness,Beginner,Sport
Balimos,Beginner,Sport
Sam Stone,Beginner,Sport
Snake Charmer,Beginner,Sport
Come Dancing,Beginner,Sport
Jen's Jaunt,Beginner,Sport
watermelon moonshine,Beginner,Sport
The Sprout,Beginner,Sport
Tricks Are For Kids,Beginner,Sport
Should've Used a Rubber,Beginner,Sport
Laughing Dog,Beginner,Sport
Old and In The Weigh,Beginner,Sport
Auid Lang Syne,Beginner,Sport
Caesar Salad,Beginner,Sport
Happy Slab,Beginner,Sport
Too Cool For School,Beginner,Sport
Baby Boomer,Beginner,Sport
Hermit Fire,Beginner,Sport
Brinkman,Beginner,Sport
Dig Dug,Beginner,Sport
Unknown 5.7,Beginner,Sport
African Gypsy,Beginner,Sport
Dike Hunter,Beginner,Sport
Pure Energy,Beginner,Sport
Bubble One,Beginner,Sport
Rapid Fire Gospel Man,Beginner,Sport
Sucker Punch,Beginner,Sport
Run! You Bastard!!,Beginner,Sport
Mr. Opossums Final Resting Place,Beginner,Sport
The Rock Bottom,Beginner,Sport
Pro Choice,Beginner,Sport
Eagle View,Beginner,Sport
I can See Clearly Now,Beginner,Sport
felonious,Beginner,Sport
The Old Folks Boggie,Beginner,Sport
The Old Soft Shoe,Beginner,Sport
I'm not Dead Yet,Beginner,Sport
Foot Loose,Beginner,Sport
Dali Lama,Beginner,Sport
vascular sturgeon,Beginner,Sport
cowboy up,Beginner,Sport
The giveaway,Beginner,Sport
Deep fake,Beginner,Sport
Bob,Beginner,Sport
Gerry Rig,Beginner,Sport
Eye Dew,Beginner,Sport
Saddlesore,Beginner,Sport
A Sheep in Wolf's Clothing,Beginner,Sport
M1 Garand,Beginner,Sport
Mexican Gravy Leg,Beginner,Sport
The Boys from Provo,Beginner,Sport
Needles and Razor Blades,Beginner,Sport
Poopy Pants,Beginner,Sport
Rock Tit,Beginner,Sport
Mr. Slopey Washcloth,Beginner,Sport
Hey Cool Aid,Beginner,Sport
Alpenheimer's,Beginner,Sport
White Eye,Beginner,Sport
Not A Good Day to Vomit,Beginner,Sport
Irish Drinking Songs,Beginner,Sport
Private Go Right,Beginner,Sport
Fool on the Hill,Beginner,Sport
Canal Street,Beginner,Sport
Delicate,Beginner,Sport
Cyclops,Beginner,Sport
Valley Daze,Beginner,Sport
De Face Land,Beginner,Sport
Just for Fun,Beginner,Sport
Worm Hole,Beginner,Sport
Men in Black,Beginner,Sport
The Seventh Seal,Beginner,Sport
Equinox,Beginner,Sport
Blip,Beginner,Sport
House of Fun,Beginner,Sport
Mexican Standoff,Beginner,Sport
Hello Mr. Soul,Beginner,Sport
Black Magic Women,Beginner,Sport
Love Snack,Beginner,Sport
Podomites only,Beginner,Sport
Instant Karma,Beginner,Sport
The Zig Zag route?,Beginner,Sport
Private Dancer,Beginner,Sport
Road Rash,Beginner,Sport
The Omen,Beginner,Sport
fumin' bloomin',Beginner,Sport
comeuppance,Beginner,Sport
Glorybound,Beginner,Sport
surgeon or sturgeon,Beginner,Sport
Stotinki,Beginner,Sport
Greg's Bear Hug,Beginner,Sport
Elysian Fields,Beginner,Sport
Clubs Full Of Jacks,Beginner,Sport
Drunk Monkey,Beginner,Sport
Tokey Dokey,Beginner,Sport
Almost Paradise,Beginner,Sport
Bodaggette,Beginner,Sport
Scorpion Slab,Beginner,Sport
San Francisco Peeks,Beginner,Sport
Rolling Thunder,Beginner,Sport
Baby Carriage,Beginner,Sport
Good Husband Sticker,Beginner,Sport
Heavy Petting Zoo,Beginner,Sport
Horton Eats a Packaged Pickle,Beginner,Sport
The Count,Beginner,Sport
Pistol Pete,Beginner,Sport
Fully Alive,Beginner,Sport
Rhythm is a Dancer,Beginner,Sport
Truckin,Beginner,Sport
Unknown 5.9,Beginner,Sport
9 Ball The Hard Way,Beginner,Sport
Mother's Milk,Beginner,Sport
Maximus,Beginner,Sport
Calf Cramp,Beginner,Sport
Butt Beetle,Beginner,Sport
Ready....GO!,Beginner,Sport
Baby Steps,Beginner,Sport
Shiny Space Ship Shell,Beginner,Sport
Cold Hearted Orb,Beginner,Sport
Event Horizon,Beginner,Sport
Where the Sun Don't Shine,Beginner,Sport
bottom feeder,Beginner,Sport
Be dazzled,Beginner,Sport
fright dike,Beginner,Sport
Vertigo girl,Beginner,Sport
porn star mustache,Beginner,Sport
Revolution Road,Beginner,Sport
Thin Skin,Beginner,Sport
Stretch,Beginner,Sport
Grace Land,Beginner,Sport
Falling from Grace,Beginner,Sport
Solar Flare,Beginner,Sport
hey maker,Beginner,Sport
Sympathy for the devil,Beginner,Sport
Can't Escape the Gravity,Beginner,Sport
Bertrand Russell,Beginner,Sport
Body Snatcher,Beginner,Sport
Devil's Advocate,Beginner,Sport
Buffalo Sauce,Beginner,Sport
slim pickens,Beginner,Sport
I'm Only Human,Beginner,Sport
The Renegade,Beginner,Sport
I Saw the Light,Beginner,Sport
Tiny Dancer,Beginner,Sport
Ozxmandias,Beginner,Sport
the debutantes guide,Beginner,Sport
Hells Staircase,Intermediate,Sport
A First of Many,Intermediate,Sport
Rattle Can,Intermediate,Sport
Ripple in Time,Intermediate,Sport
high  falutin,Intermediate,Sport
el mal,Intermediate,Sport
Caught in the UnderTow,Intermediate,Sport
Strange Days,Intermediate,Sport
Super Freak,Intermediate,Sport
Bedroom Eyes,Intermediate,Sport
Body Cavity,Intermediate,Sport
The devil's bitches,Intermediate,Sport
The erg,Intermediate,Sport
The farrago,Intermediate,Sport
A Dike Runs Through It,Intermediate,Sport
Brother Uncle,Intermediate,Sport
Same as it ever was,Intermediate,Sport
WTF was That?,Intermediate,Sport
Higher Heights,Intermediate,Sport
Weapons In The Wrong Hands,Intermediate,Sport
Cacophony,Intermediate,Sport
Kenworth Symphony,Intermediate,Sport
101 Kicken Chicken,Intermediate,Sport
80 Proof,Intermediate,Sport
Fire A Blaze,Intermediate,Sport
Cannibas Crew,Intermediate,Sport
Empty Jugs,Intermediate,Sport
Jugs,Intermediate,Sport
Rastaman Roof,Intermediate,Sport
Sensi In The Sun,Intermediate,Sport
Give Me Fire,Intermediate,Sport
Narrow Beginnings,Intermediate,Sport
Moonshine,Intermediate,Sport
Where Men Are Men and Sheep Are Nervous,Intermediate,Sport
Donald Pump,Intermediate,Sport
Adventures of the Two-Day Napkin,Intermediate,Sport
Nobody's Darlings,Intermediate,Sport
Eye of the Needle,Intermediate,Sport
I'd Never Harm a Who,Intermediate,Sport
Blood Sucking Fiend,Intermediate,Sport
Gumby's Delight,Intermediate,Sport
Redneck Rampage,Intermediate,Sport
Bears And Twinks,Intermediate,Sport
Fog Brain,Intermediate,Sport
Geeker,Intermediate,Sport
Silicon Abuse,Intermediate,Sport
Ophir Broke,Intermediate,Sport
Who's Winning,Intermediate,Sport
Barbarian Horde,Intermediate,Sport
Sputnik,Intermediate,Sport
Double trouble,Intermediate,Sport
Voodoo,Intermediate,Sport
Burn Out,Intermediate,Sport
Wild Willy,Intermediate,Sport
Rivers Edge,Intermediate,Sport
Thin Sheep,Intermediate,Sport
Ewe For Real,Intermediate,Sport
Shark Attack,Intermediate,Sport
Cape Fear,Intermediate,Sport
Mere Morals,Intermediate,Sport
Edglings and Etchings,Intermediate,Sport
Free Tibet,Intermediate,Sport
The O Face,Intermediate,Sport
Trixie,Intermediate,Sport
Third Alternative,Intermediate,Sport
Sheila,Intermediate,Sport
Scud Missile,Intermediate,Sport
Prince of Squeeze,Intermediate,Sport
War on Errorism,Intermediate,Sport
Wolves in Wolves Clothing,Intermediate,Sport
Hoodwinked,Intermediate,Sport
Count Chocula,Intermediate,Sport
One.. ah ah ah. Two.. ah ah ah,Intermediate,Sport
Hell To Pay,Intermediate,Sport
Me Myself & Moi,Intermediate,Sport
Unnamed1,Intermediate,Sport
Fat Matt's Rib Shack,Intermediate,Sport
Supermoon,Intermediate,Sport
Strange Ways,Intermediate,Sport
Ophir Dose,Intermediate,Sport
Pocket Rocket,Intermediate,Sport
Whiskey Bench,Intermediate,Sport
Cannibas Cave,Intermediate,Sport
Pig In A Poke,Intermediate,Sport
Slippery When Wet,Intermediate,Sport
The Doghouse,Intermediate,Sport
It Does as It's Told,Intermediate,Sport
Remote Control,Intermediate,Sport
Strahler,Intermediate,Sport
Eyes Of A Stoner,Intermediate,Sport
Unnamed2,Intermediate,Sport
Maryjane,Intermediate,Sport
The Riddler,Intermediate,Sport
Stranger Than Fiction,Intermediate,Sport
the nostrils,Intermediate,Sport
Desert Techno,Intermediate,Sport
Tetni,Intermediate,Sport
Bad Bolt,Intermediate,Sport
little feat,Intermediate,Sport
More Tattoos than Teeth,Intermediate,Sport
The Illuminati,Intermediate,Sport
a spud and his pitbull,Intermediate,Sport
Dr. FU,Intermediate,Sport
Old Laughing Lady,Intermediate,Sport
Huecos and Bacos,Intermediate,Sport
Reloaded,Intermediate,Sport
Walk the Plank,Intermediate,Sport
Between the Sheets,Intermediate,Sport
Made in the Shade,Intermediate,Sport
Severity Disparity Direct,Intermediate,Sport
Melting Bits,Intermediate,Sport
It Puts the Lotion in the Basket,Intermediate,Sport
Bushwhacked,Intermediate,Sport
The Familiar's Lament,Intermediate,Sport
Mumbo Jumbo Pumping Hate,Intermediate,Sport
Tusk Crusher,Intermediate,Sport
Hyperbolic,Intermediate,Sport
More Monkey Than Funky,Intermediate,Sport
Tweeker,Intermediate,Sport
Magnet Man,Intermediate,Sport
Roof Pull Finish,Intermediate,Sport
5.11 Direct,Intermediate,Sport
Duck Tape,Intermediate,Sport
P-Trap,Intermediate,Sport
Goodbye Bread,Intermediate,Sport
Ride the Wave,Intermediate,Sport
The Marjumhorn,Intermediate,Sport
Semen Chucker,Intermediate,Sport
Ticket To Defeat,Intermediate,Sport
Hands Of A Fumbler,Intermediate,Sport
Center Classic,Intermediate,Sport
Padawan,Intermediate,Sport
East Canyon Falls,Intermediate,Sport
Northwest Passage,Intermediate,Sport
Little Pico,Intermediate,Sport
Star Shower,Intermediate,Sport
Under Klingon,Intermediate,Sport
Bottom of the Barrel,Intermediate,Sport
In My Heel,Intermediate,Sport
Sweet Jeebus,Intermediate,Sport
Unloaded,Intermediate,Sport
Jolly Roger,Intermediate,Sport
Are the Lambs Still Screaming?,Intermediate,Sport
Nosferatu,Intermediate,Sport
Gunslinger,Intermediate,Sport
Brains Of A Climber,Intermediate,Sport
Roadside Assassin,Intermediate,Sport
Thorn In The Side,Intermediate,Sport
Beyer's Magic Line,Intermediate,Sport
The Great Milenko,Intermediate,Sport
Big New Day,Intermediate,Sport
Fiddler on the Roof,Intermediate,Sport
White Line Highway,Intermediate,Sport
Hell's Kitchen,Intermediate,Sport
2005,Intermediate,Sport
Hollywood,Intermediate,Sport
Unknown 2nd Tier L,Intermediate,Sport
Black Water,Intermediate,Sport
Pyromelana,Intermediate,Sport
Grey Water,Intermediate,Sport
Mouthful of Cavities,Intermediate,Sport
Dirt,Intermediate,Sport
The Eleven,Intermediate,Sport
Thunder Ball,Intermediate,Sport
Trabajo,Intermediate,Sport
Line Pirate,Intermediate,Sport
Slope On A Rope,Intermediate,Sport
Skin Suit,Intermediate,Sport
Don't Step on the Napkin,Intermediate,Sport
Boiled Over,Intermediate,Sport
Moondog,Intermediate,Sport
Surface to Air,Intermediate,Sport
Dead Flowers,Intermediate,Sport
Hourglass,Intermediate,Sport
The Dipper,Intermediate,Sport
Teflon Guerrilla,Intermediate,Sport
Refiner,Intermediate,Sport
Bomb Track,Intermediate,Sport
Ewe Betch Ewe,Intermediate,Sport
Ewe F. O. Ewe,Intermediate,Sport
Hello Clairece,Intermediate,Sport
Gateway To Stardom,Intermediate,Sport
Anti-Gravity,Intermediate,Sport
Unknown 2nd Tier Center,Intermediate,Sport
Unknown 2nd Tier R,Intermediate,Sport
Puss Boy,Intermediate,Sport
Gravity Pull,Intermediate,Sport
Letting days go by,Intermediate,Sport
Chossilvania Transit Line,Advanced,Sport
Black Sails,Advanced,Sport
Old School,Advanced,Sport
Ewe Make It,Advanced,Sport
Unknown South face route,Advanced,Sport
The Eighth Deadly Sin,Advanced,Sport
Against the Grain,Advanced,Sport
Audience Of One,Advanced,Sport
Dancing in the Dirt,Advanced,Sport
Offered Chains,Advanced,Sport
Alabaster,Advanced,Sport
Shotgun Wedding,Advanced,Sport
Greatest Route At Ibex,Advanced,Sport
Headed For Greatness,Advanced,Sport
Gutter Ball,Advanced,Sport
Backwoods Habit,Advanced,Sport
Someday Syndrome,Advanced,Sport
Enough Of Reality,Advanced,Sport
Labor Fruits,Advanced,Sport
Texture,Advanced,Sport
The Mountaineer Route,Advanced,Sport
Narrowpathic,Advanced,Sport
Alma B,Advanced,Sport
Nose Shadow,Advanced,Sport
Satisfaction Guaranteed,Advanced,Sport
Leav Itt To Beavis,Advanced,Sport
The Unforgiven,Advanced,Sport
Cryptic Slaughter,Advanced,Sport
Teflon-Sails (link-up),Advanced,Sport
River Runs Through It,Advanced,Sport
The Fat Boys Sipping and Chipping Club,Advanced,Sport
The Lucky One,Advanced,Sport
Old School Hardman,Advanced,Sport
Rollercoaster,Advanced,Sport
All Hallows',Advanced,Sport
Narrow Minded,Advanced,Sport
Joel's Roof,Advanced,Sport
Summary Judgement,Advanced,Sport
Lovers Edge,Advanced,Sport
Tufa Petita,Advanced,Sport
Techni-Pathic (link-up),Advanced,Sport
Dust,Advanced,Sport
TKO,Advanced,Sport
ATV,Advanced,Sport
Nerve Agent,Advanced,Sport
Quocs Wok,Advanced,Sport
Slim Shady,Advanced,Sport
Shadow of the Jihad,Advanced,Sport
Everybody Bleeds,Advanced,Sport
Karma,Advanced,Sport
Lovers Return,Advanced,Sport
Luna Petita,Advanced,Sport
Dust-pathic (link-up),Advanced,Sport
Black Sails (In the Sunset),Advanced,Sport
Safe Sport (link-up),Advanced,Sport
Blood Meridian,Advanced,Sport
The Big Smile,Advanced,Sport
All Around Routine,Advanced,Sport
Karman Line,Beginner,Sport
Tower East,Beginner,Sport
Unknown Sport Route,Beginner,Sport
In The White Room,Beginner,Sport
Turn the Page,Beginner,Sport
Dippin Dots,Beginner,Sport
Carefree Highway,Beginner,Sport
Devil Lama,Beginner,Sport
Whiskey Crew,Beginner,Sport
Makin' Babies,Beginner,Sport
Aguamelon,Beginner,Sport
Delirious,Beginner,Sport
Coronial Generation,Beginner,Sport
The Orgasmatron,Beginner,Sport
Ambitious Blonde,Beginner,Sport
Sensi Stem,Beginner,Sport
Devil Bolt,Beginner,Sport
Icraus,Beginner,Sport
dreamland,Beginner,Sport
Disruptor,Beginner,Sport
Puffin On The Porch,Beginner,Sport
Ganja In The Gully,Beginner,Sport
Sun Baked,Beginner,Sport
Whiskey Blend,Beginner,Sport
Touchy Feely,Beginner,Sport
Ophir Fun,Beginner,Sport
Block Head,Beginner,Sport
Unknown C,Beginner,Sport
Buzztail,Beginner,Sport
Pandemico,Beginner,Sport
Ruin Nation,Beginner,Sport
Badland,Beginner,Sport
Voodoo Ranger,Beginner,Sport
Holly Roller,Beginner,Sport
Adrenaline Junkies,Advanced,Trad
Lightning Wind,Advanced,Trad
Crossly Slits and Gash,Advanced,Trad
BBQ Lamb Chops,Advanced,Trad
Notch Your Business,Advanced,Trad
Diagonal Dyslexia,Advanced,Trad
Taking The Lords Name in Vein,Advanced,Trad
Children of the Grave,Beginner,Trad
Blood Soaked Hero,Beginner,Trad
Red Rock,Beginner,Trad
IPP,Beginner,Trad
You Die She Dies Everybody Dies,Beginner,Trad
Leper Messiah,Beginner,Trad
Jeebus Heard My Naughty Thought,Beginner,Trad
The God That Failed,Beginner,Trad
Fata Morgana,Beginner,Trad
Zeitgeist,Beginner,Trad
name unknown,Beginner,Trad
Sheep Dip,Beginner,Trad
Absorption,Beginner,Trad
Totally Tubular,Beginner,Trad
Bernerinnen Anstatt Klapperschlangen,Beginner,Trad
Red House,Beginner,Trad
Through the Never,Beginner,Trad
MRE,Beginner,Trad
Gundersons line,Beginner,Trad
Hand Burglar,Beginner,Trad
This Is My Rifle,Beginner,Trad
Sack Up,Beginner,Trad
Knee-Deep in the Tumbleweed,Beginner,Trad
Torre PequeÃ±o,Beginner,Trad
Staying Alive,Beginner,Trad
Old Black Water,Beginner,Trad
Breaking Bad,Beginner,Trad
Pole Dancer,Intermediate,Trad
Death and Transfiguration,Intermediate,Trad
Tunnel Of Love,Intermediate,Trad
Thunder Road,Intermediate,Trad
Saturn V,Intermediate,Trad
Mud Wrestlin',Intermediate,Trad
Yogini,Intermediate,Trad
Prowd Enough,Intermediate,Trad
Dogleg Dihedral,Intermediate,Trad
Horror in Milfville,Intermediate,Trad
The Gods Must Be Crazy,Intermediate,Trad
Angel Flotsam,Intermediate,Trad
Gravity Waves,Intermediate,Trad
Tishomingo,Intermediate,Trad
Question of Insanity,Intermediate,Trad
Cast Away,Intermediate,Trad
The Brick House,Intermediate,Trad
Science Friction,Intermediate,Trad
Roam,Intermediate,Trad
It's Not There,Intermediate,Trad
Devirginized,Intermediate,Trad
Aurora Borealis/Lunar Power,Intermediate,Trad
Eagle Terrace,Intermediate,Trad
Bag of Sand,Intermediate,Trad
Bit-O-Bunny,Intermediate,Trad
Northern Corn,Intermediate,Trad
Ewe Got It,Intermediate,Trad
Lamb Chops,Intermediate,Trad
Western Hardman,Intermediate,Trad
Suffer For Your Sanity,Intermediate,Trad
Territory of the Mad,Intermediate,Trad
Trenchfoot,Intermediate,Trad
Loonar Rising,Intermediate,Trad
Seek & Destroy,Intermediate,Trad
Nightmare,Intermediate,Trad
Your Next Poor Decision,Intermediate,Trad
Severity Disparity,Intermediate,Trad
Without Despair,Intermediate,Trad
Quarter Inch from Falling,Intermediate,Trad
Werewolf,Intermediate,Trad
The Laplander,Intermediate,Trad
Shadow of Doubt,Intermediate,Trad
Ripcurl,Intermediate,Trad
Band Aid For The Ego,Intermediate,Trad
Cleveland Steamer,Advanced,Trad
Appetite for Destruction,Advanced,Trad
Hardpan Heroics,Advanced,Trad
Holding Pattern,Advanced,Trad
